DrugBank ID,Name,CAS Number,Drug Groups,InChIKey,InChI,SMILES,Formula,KEGG Compound ID,KEGG Drug ID,PubChem Compound ID,PubChem Substance ID,ChEBI ID,ChEMBL ID,HET ID,ChemSpider ID,BindingDB ID
DB00286,Conjugated estrogens,12126-59-9,approved,,,,,,D04070,,46505680.0,8389.0,CHEMBL2106240,,9532.0,
DB00375,Colestipol,26658-42-4,approved,,,,,C06925,,62816.0,46505777.0,,CHEMBL1909303,,56550.0,
DB00407,Ardeparin,9005-49-6,approved; investigational; withdrawn,,,,,,D02980,,46505194.0,,,,,
DB00516,Bentoquatam,1340-69-8,approved,,,,,,,,46508055.0,,CHEMBL1201446,,,
DB00702,Icodextrin,337376-15-5,approved; investigational,,,,,,,,46508585.0,,CHEMBL1201472,,,
DB00707,Porfimer sodium,87806-31-3,approved; investigational,,,,,,,,46508600.0,60652.0,,,10482043.0,
DB00785,Cryptenamine,1356-18-9,approved,,,,,,,,46507822.0,,,,,
DB00840,Hydroxypropyl cellulose,9004-64-2,approved,,,,,,D01536,,46508483.0,,CHEMBL1201471,,,
DB00893,Iron Dextran,9004-66-4,approved; vet_approved,,,,,,D02141,,46506136.0,,CHEMBL1201544,,,
DB00895,Benzylpenicilloyl polylysine,31855-75-1,approved,IMPVZRLKKKXMKQ-SGDOCVTFSA-N,"InChI=1S/C22H32N4O6S.C6H14N2O2/c1-22(2)17(21(31)32)26-19(33-22)16(25-15(27)12-13-8-4-3-5-9-13)18(28)24-11-7-6-10-14(23)20(29)30;7-4-2-1-3-5(8)6(9)10/h3-5,8-9,14,16-17,19,26H,6-7,10-12,23H2,1-2H3,(H,24,28)(H,25,27)(H,29,30)(H,31,32);5H,1-4,7-8H2,(H,9,10)/t14-,16?,17+,19-;5-/m11/s1",,C28H46N6O8S,,,45266800.0,46505002.0,59297.0,CHEMBL1201779,,26331550.0,
DB00930,Colesevelam,182815-43-6,approved,,,,,,,,46505437.0,,,,,
DB00965,Ethiodized oil,8008-53-5,approved; investigational,,,,,,D04082,,46505147.0,,CHEMBL1201458,,,
DB00994,Neomycin,1404-04-2,approved; vet_approved,,,,,C00384,D08260,,46505525.0,7507.0,,CNY,,
DB01049,Ergoloid mesylate,8067-24-1,approved,,,,,C14055,D02268,,46505963.0,34706.0,,,60600935.0,
DB01109,Heparin,9005-49-6,approved; investigational,,,,,C00374,,,46507594.0,28304.0,CHEMBL1909300,,,
DB01225,Enoxaparin,9005-49-6,approved,,,,,,D07510,,46507450.0,,CHEMBL1201685,,751.0,
DB01266,Sinecatechins,188265-33-0,approved; investigational; nutraceutical,,,,,,,,46506183.0,,,,,
DB01341,Dihydroquinidine barbiturate,,experimental,,,,,,,,46507930.0,,,,,
DB01344,Tolevamer,28210-41-5,approved; investigational,,,,,,,,46507832.0,53278.0,,,,
DB01432,Cholestyramine,11041-12-6,approved; investigational,,,,,,,,46506251.0,,CHEMBL1201625,,,
DB01448,19-Nor-4-androstenedione,,experimental; illicit,,,,,,,,46505829.0,,,,,
DB01510,Dehydrochloromethyltestosterone,,experimental; illicit,,,,,,,,46507577.0,,,,,
DB03378,"4-Amino-1-[(1s,3r,4r,7s)-7-Hydroxy-1-(Hydroxymethyl)-2,5-Dioxabicyclo[2.2.1]Hept-3-Yl]-5-Methylpyrimidin-2(1h)-One",,experimental,,,,,,,,46505778.0,,,,,
DB04848,AZD0947,,investigational,,,,,,,,347909840.0,,,,,
DB04893,AZD3409,,investigational,,,,,,,,347909841.0,,,,,
DB04928,XP12B,,investigational,,,,,,,,347909851.0,,,,,
DB04929,DG031,,investigational,,,,,,,,347909852.0,,,,,
DB04941,Crofelemer,148465-45-6,approved,,,,,,D03605,,347909853.0,,CHEMBL2108184,,,
DB04943,LX201,,investigational,,,,,,,,347909854.0,,,,,
DB04955,Pumactant,258856-56-3,investigational,,,,,,,,347909857.0,,,,,
DB04968,PH94B,,investigational,,,,,,,,347909864.0,,,,,
DB04978,SP1049C,,investigational,,,,,,,,347909870.0,,,,,
DB04991,XL784,,investigational,,,,,,,,347909879.0,,,,,
DB04992,AP5346,,investigational,,,,,,,,347909880.0,,,,,
DB04995,AT1022,,investigational,,,,,,,,347909881.0,,,,,
DB04997,ATL1102,,investigational,,,,,,,,347909882.0,,,,,
DB04999,MBO7133,,investigational,,,,,,,,347909884.0,,,,,
DB05001,PSN9301,,investigational,,,,,,,,347909886.0,,,,,
DB05004,Peptide YY (3-36),123583-37-9,investigational,,,,,,,,347909887.0,,,,,
DB05012,XEN-2174,701909-57-1,investigational,,,,,,,,347909891.0,,,,,
DB05014,XL999,921206-68-0,investigational,,,,,,,,347909892.0,,,,,
DB05017,YSIL6,,investigational,,,,,,,,347909893.0,,,,,
DB05021,EMZ702,,investigational,,,,,,,,347909896.0,,,,,
DB05023,ATL1101,,investigational,,,,,,,,347909897.0,,,,,
DB05024,CTA018,,investigational,,,,,,,,347909898.0,,,,,
DB05027,DG041,,investigational,,,,,,,,347909899.0,,,,,
DB05032,REV131,,investigational,,,,,,,,347909902.0,,,,,
DB05033,INCB7839,,investigational,,,,,,,,347909903.0,,,,,
DB05036,Grn163l,,investigational,,,,,,,,347909904.0,,,,,
DB05042,SGS518,,investigational,,,,,,,,347909908.0,,,,,
DB05043,GSK159797,,investigational,,,,,,,,347909909.0,,,,,
DB05044,PSN357,,investigational,,,,,,,,347909910.0,,,,,
DB05046,V1003,,investigational,,,,,,,,347909911.0,,,,,
DB05049,DDP733,,investigational,,,,,,,,347909913.0,,,,,
DB05050,ADL5859,,investigational,,,,,,,,347909914.0,,,,,
DB05051,BZL101,,investigational,,,,,,,,347909915.0,,,,,
DB05052,MF101,,investigational,,,,,,,,347909916.0,,,,,
DB05054,AN0128,,investigational,,,,,,,,347909917.0,,,,,
DB05055,RG2417,,investigational,,,,,,,,347909918.0,,,,,
DB05056,EGS21,,investigational,,,,,,,,347909919.0,,,,,
DB05059,ILY101,,investigational,,,,,,,,347909920.0,,,,,
DB05060,R1626,,investigational,,,,,,,,347909921.0,,,,,
DB05061,GFT14,,investigational,,,,,,,,347909922.0,,,,,
DB05064,INCB13739,,investigational,,,,,,,,347909924.0,,,,,
DB05068,ATG002,,investigational,,,,,,,,347909925.0,,,,,
DB05069,ATG003,,investigational,,,,,,,,347909926.0,,,,,
DB05070,ADX10059,,investigational,,,,,,,,347909927.0,,,,,
DB05071,ACE393,,investigational,,,,,,,,347909928.0,,,,,
DB05072,AV608,,investigational,,,,,,,,347909929.0,,,,,
DB05077,SLV319,,investigational,,,,,,,,347909931.0,,,,,
DB05078,AER001,,investigational,,,,,,,,347909932.0,,,,,
DB05079,HY10275,,investigational,,,,,,,,347909933.0,,,,,
DB05080,OBE101,,investigational,,,,,,,,347909934.0,,,,,
DB05081,JB991,,investigational,,,,,,,,347909935.0,,,,,
DB05082,ARX201,,investigational,,,,,,,,347909936.0,,,,,
DB05085,TM30339,,investigational,,,,,,,,,,,,,
DB05090,FP0011,,investigational,,,,,,,,347909939.0,,,,,
DB05091,M0002,,investigational,,,,,,,,347909940.0,,,,,
DB05092,CDP323,,investigational,,,,,,,,347909941.0,,,,,
DB05093,AX200,,investigational,,,,,,,,347909942.0,,,,,
DB05096,LY2140023,,investigational,,,,,,,,347909943.0,,,,,
DB05098,Leptin,169494-85-3,investigational,,,,,,,,347909945.0,,,,,
DB05108,EHT899,,investigational,,,,,,,,347909949.0,,,,,
DB05112,AP5280,,investigational,,,,,,,,347909952.0,,,,,
DB05113,105AD7,,investigational,,,,,,,,347909953.0,,,,,
DB05114,EHC18,,investigational,,,,,,,,347909954.0,,,,,
DB05115,NN344,,investigational,,,,,,,,347909955.0,,,,,
DB05118,R1204,,investigational,,,,,,,,347909957.0,,,,,
DB05120,AT1391,,investigational,,,,,,,,347909958.0,,,,,
DB05122,R1295,,investigational,,,,,,,,347909960.0,,,,,
DB05125,SC12267,,investigational,,,,,,,,347909962.0,,,,,
DB05126,PYM50018,,investigational,,,,,,,,347909963.0,,,,,
DB05127,ANA971,,investigational,,,,,,,,347909964.0,,,,,
DB05130,INCB3284,,investigational,,,,,,,,347909965.0,,,,,
DB05131,TTP889,,investigational,,,,,,,,347909966.0,,,,,
DB05132,ND1251,,investigational,,,,,,,,347909967.0,,,,,
DB05133,VP025,,investigational,,,,,,,,347909968.0,,,,,
DB05135,Vibriolysin,69598-88-5,investigational,,,,,,,,347909969.0,,,,,
DB05141,LY2181308,,investigational,,,,,,,,347909974.0,,,,,
DB05142,ND7001,,investigational,,,,,,,,347909975.0,,,,,
DB05146,XL820,1123889-88-2,investigational,,,,,,,,347909978.0,,,,,
DB05147,CYT997,,investigational,,,,,,,,347909979.0,,,,,
DB05148,CG0070,,investigational,,,,,,,,347909980.0,,,,,
DB05149,XL844,,investigational,,,,,,,,347909981.0,,,,,
DB05150,CAD106,,investigational,,,,,,,,347909982.0,,,,,
DB05151,TST10088,,investigational,,,,,,,,347909983.0,,,,,
DB05156,SL017,,investigational,,,,,,,,347909985.0,,,,,
DB05157,KC706,,investigational,,,,,,,,347909986.0,,,,,
DB05158,PM02734,,investigational,,,,,,,,347909987.0,,,,,
DB05159,CCX915,,investigational,,,,,,,,347909988.0,,,,,
DB05160,Topsalysin,917121-25-6,investigational,,,,,,,,347909989.0,,,,,
DB05161,Elafin,,investigational,,,,,,,,347909990.0,,,,,
DB05163,PV903,,investigational,,,,,,,,347909991.0,,,,,
DB05165,LY2275796,,investigational,,,,,,,,347909993.0,,,,,
DB05166,APD668,,investigational,,,,,,,,347909994.0,,,,,
DB05170,Benzimate,,investigational,,,,,,,,347909997.0,,,,,
DB05172,AT3022,,investigational,,,,,,,,347909998.0,,,,,
DB05173,PTC299,,investigational,,,,,,,,347909999.0,,,,,
DB05174,CX501,,investigational,,,,,,,,347910000.0,,,,,
DB05177,DG051,,investigational,,,,,,,,347910001.0,,,,,
DB05178,DLO6001,,investigational,,,,,,,,347910002.0,,,,,
DB05179,DLO6002,,investigational,,,,,,,,347910003.0,,,,,
DB05180,LX6171,,investigational,,,,,,,,347910004.0,,,,,
DB05181,BTA798,,investigational,,,,,,,,347910005.0,,,,,
DB05182,AS1409,,investigational,,,,,,,,347910006.0,,,,,
DB05183,MLN0415,,investigational,,,,,,,,347910007.0,,,,,
DB05184,XL228,,investigational,,,,,,,,347910008.0,,,,,
DB05189,EPC2407,,investigational,,,,,,,,347910011.0,,,,,
DB05190,XL281,,investigational,,,,,,,,347910012.0,,,,,
DB05191,Atl146e,,investigational,,,,,,,,347910013.0,,,,,
DB05192,MB07811,,investigational,,,,,,,,347910014.0,,,,,
DB05194,KB002,,investigational,,,,,,,,347910015.0,,,,,
DB05195,ADC4022,,investigational,,,,,,,,347910016.0,,,,,
DB05196,ACR325,,investigational,,,,,,,,347910017.0,,,,,
DB05198,CYC116,,investigational,,,,,,,,347910018.0,,,,,
DB05199,LX1031,,investigational,,,,,,,,347910019.0,,,,,
DB05200,AT2220,,investigational,,,,,,,,347910020.0,,,,,
DB05201,V24343,,investigational,,,,,,,,347910021.0,,,,,
DB05203,SPP1148,,investigational,,,,,,,,347910023.0,,,,,
DB05204,XL418,,investigational,,,,,,,,347910024.0,,,,,
DB05205,CX157,,investigational,,,,,,,,347910025.0,,,,,
DB05207,SD118,,investigational,,,,,,,,347910026.0,,,,,
DB05210,SF1126,,investigational,,,,,,,,347910028.0,,,,,
DB05211,PS386113,,investigational,,,,,,,,347910029.0,,,,,
DB05214,KD7040,,investigational,,,,,,,,347910030.0,,,,,
DB05217,GMX1777,,investigational,,,,,,,,347910031.0,,,,,
DB05224,REP8839,,investigational,,,,,,,,347910034.0,,,,,
DB05225,AM103,,investigational,,,,,,,,347910035.0,,,,,
DB05226,BTA9881,,investigational,,,,,,,,347910036.0,,,,,
DB05227,APD791,,investigational,,,,,,,,347910037.0,,,,,
DB05228,RDEA806,,investigational,,,,,,,,347910038.0,,,,,
DB05230,AC3056,,investigational,,,,,,,,347910039.0,,,,,
DB05233,AP1081,,investigational,,,,,,,,347910040.0,,,,,
DB05235,NRP409,,investigational,,,,,,,,347910041.0,,,,,
DB05241,XL765,,investigational,,,,,,,,347910044.0,,,,,
DB05243,XL019,,investigational,,,,,,,,347910046.0,,,,,
DB05244,G4544,,investigational,,,,,,,,347910047.0,,,,,
DB05249,FavId,,investigational,,,,,,,,347910048.0,,,,,
DB05264,NPI 32101,,investigational,,,,,,,,347910053.0,,,,,
DB05268,iCo-007,,investigational,,,,,,,,347910054.0,,,,,
DB05282,MCC,,investigational,,,,,,,,347910057.0,,,,,
DB05285,SB-249553,,investigational,,,,,,,,347910058.0,,,,,
DB05290,SPP 301,,investigational,,,,,,,,347910059.0,,,,,
DB05292,IDM-1,,investigational,,,,,,,,347910060.0,,,,,
DB05293,IDM-2,,investigational,,,,,,,,347910061.0,,,,,
DB05300,PTI-801,615580-67-1,investigational,,,,,,,,347910063.0,,,,,
DB05301,LAX-101,909712-41-0,investigational,,,,,,,,347910064.0,,,,,
DB05303,OMS-103HP,,investigational,,,,,,,,347910065.0,,,,,
DB05308,ANX-510,,investigational,,,,,,,,347910070.0,,,,,
DB05309,TP-508,,investigational,,,,,,,,347910071.0,,,,,
DB05310,FP-1096,,investigational,,,,,,,,347910072.0,,,,,
DB05312,NVS antibody,,investigational,,,,,,,,347910074.0,,,,,
DB05313,MP4,,investigational,,,,,,,,347910075.0,,,,,
DB05315,MC-1,,investigational,,,,,,,,347910076.0,,,,,
DB05317,TAK-475,,investigational,,,,,,,,347910077.0,,,,,
DB05320,ATG-Fresenius S,,investigational,,,,,,,,347910079.0,,,,,
DB05326,INKP-102,,investigational,,,,,,,,347910083.0,,,,,
DB05328,VGV-1,,investigational,,,,,,,,347910084.0,,,,,
DB05333,TC-5231,,investigational,,,,,,,,347910088.0,,,,,
DB05345,SO-101,,investigational,,,,,,,,347910093.0,,,,,
DB05346,WL-1002,,investigational,,,,,,,,347910094.0,,,,,
DB05352,Fx-1006A,,investigational,,,,,,,,347910096.0,,,,,
DB05353,CMC 001,,investigational,,,,,,,,347910097.0,,,,,
DB05362,SSR-126517E,,investigational,,,,,,,,347910099.0,,,,,
DB05363,LIC-477,,investigational,,,,,,,,347910100.0,,,,,
DB05364,ROX-888,,investigational,,,,,,,,347910101.0,,,,,
DB05367,Actelion-1,,investigational,,,,,,,,347910103.0,,,,,
DB05369,HZT-501,,investigational,,,,,,,,347910105.0,,,,,
DB05371,ACR-16,,investigational,,,,,,,,347910107.0,,,,,
DB05374,Rindopepimut,1108208-65-6,investigational,,,,,,,,347910109.0,,,,,
DB05384,Carbopol 974P,151687-96-6,investigational,,,,,,,,175426991.0,,,,,
DB05385,PRO 2000,29321-75-3,investigational,,,,,,,,347910110.0,,,,,
DB05387,Neovastat,,investigational,,,,,,,,347910112.0,,,,,
DB05390,INS 316,,investigational,,,,,,,,347910113.0,,,,,
DB05391,Liposomal prostaglandin E1,,investigational,,,,,,,,347910114.0,,,,,
DB05393,NOV-002,,investigational,,,,,,,,347910115.0,,,,,
DB05394,Corticorelin,86784-80-7,investigational,,,,,,,,347910116.0,,,,,
DB05404,AZD 3355,,investigational,,,,,,,,347910120.0,,,,,
DB05406,GTI-2501,,investigational,,,,,,,,347910122.0,,,,,
DB05415,OSI-461,,investigational,,,,,,,,347910126.0,,,,,
DB05417,GW 468816,,investigational,,,,,,,,347910127.0,,,,,
DB05418,GW 597599,,investigational,,,,,,,,347910128.0,,,,,
DB05430,VLTS-589,,investigational,,,,,,,,347910133.0,,,,,
DB05432,DAS-431 IV,,investigational,,,,,,,,347910135.0,,,,,
DB05433,rGLP-1,,investigational,,,,,,,,347910136.0,,,,,
DB05440,SRP 299,,investigational,,,,,,,,347910140.0,,,,,
DB05443,ADL 10-0101,,investigational,,,,,,,,347910142.0,,,,,
DB05447,AVI-4557,,investigational,,,,,,,,347910144.0,,,,,
DB05449,FM-VP4,,investigational,,,,,,,,347910145.0,,,,,
DB05451,P54,,investigational,,,,,,,,347910147.0,,,,,
DB05452,PH-284,,investigational,,,,,,,,347910148.0,,,,,
DB05455,SR 121463,,investigational,,,,,,,,347910149.0,,,,,
DB05457,OSI-7904L,,investigational,,,,,,,,347910150.0,,,,,
DB05463,ISS-1018,937402-51-2,investigational,,,,,,,,347910152.0,,,,,
DB05464,NOX-700,,investigational,,,,,,,,347910153.0,,,,,
DB05466,R673,,investigational,,,,,,,,347910154.0,,,,,
DB05468,R411,,investigational,,,,,,,,347910156.0,,,,,
DB05469,R450,,investigational,,,,,,,,347910157.0,,,,,
DB05473,QR-334,,investigational,,,,,,,,347910160.0,,,,,
DB05474,T487,,investigational,,,,,,,,347910161.0,,,,,
DB05480,PBI-1402,,investigational,,,,,,,,347910163.0,,,,,
DB05484,MDX-018,,investigational,,,,,,,,347910166.0,,,,,
DB05488,Technetium Tc-99m ciprofloxacin,374107-43-4,investigational,,,,,,,,175427018.0,,,,,
DB05489,ACA 125,,investigational,,,,,,,,347910169.0,,,,,
DB05493,NX-1207,,investigational,,,,,,,,347910171.0,,,,,
DB05499,TAK-428,,investigational,,,,,,,,347910174.0,,,,,
DB05505,NM-702,,investigational,,,,,,,,347910177.0,,,,,
DB05506,ISIS 113715,,investigational,,,,,,,,347910178.0,,,,,
DB05507,VX-765,,investigational,,,,,,,,347910179.0,,,,,
DB05509,LI-301,,investigational,,,,,,,,347910180.0,,,,,
DB05533,QR-333,,investigational,,,,,,,,,,,,,
DB05559,NF-kappaB Decoy,,investigational,,,,,,,,,,,,,
DB05580,TRU-015,1169717-01-4,investigational,,,,,,,,,,,,,
DB05604,Mx-dnG1,,investigational,,,,,,,,,,,,,
DB05606,Beclanorsen,1072859-54-1,investigational,,,,,,,,,,,,,
DB05620,AVI-4065,,investigational,,,,,,,,,,,,,
DB05652,VTP-201227,,investigational,,,,,,,,347910186.0,,,,,
DB05662,NP-50301,,investigational,,,,,,,,347910187.0,,,,,
DB05687,BL-1020,,investigational,,,,,,,,347910192.0,,,,,
DB05688,CRx-119,,investigational,,,,,,,,347910193.0,,,,,
DB05705,ALS-08,,investigational,,,,,,,,347910194.0,,,,,
DB05712,AZD-9684,,investigational,,,,,,,,347910195.0,,,,,
DB05723,ALKS 29,,investigational,,,,,,,,347910198.0,,,,,
DB05730,PMI-001,,investigational,,,,,,,,347910199.0,,,,,
DB05736,MIV-701,,investigational,,,,,,,,347910201.0,,,,,
DB05740,RPI-78M,,investigational,,,,,,,,347910203.0,,,,,
DB05741,AGS-005,,investigational,,,,,,,,347910204.0,,,,,
DB05742,AGS-004,,investigational,,,,,,,,347910205.0,,,,,
DB05744,CRx-139,,investigational,,,,,,,,347910206.0,,,,,
DB05746,PF-03187207,,investigational,,,,,,,,347910207.0,,,,,
DB05747,R-851,,investigational,,,,,,,,347910208.0,,,,,
DB05749,MPI-674,,investigational,,,,,,,,347910209.0,,,,,
DB05750,AVE-1625,,investigational,,,,,,,,347910210.0,,,,,
DB05751,RP01,,investigational,,,,,,,,347910211.0,,,,,
DB05752,ALKS 27,,investigational,,,,,,,,347910212.0,,,,,
DB05753,VSF-173,,investigational,,,,,,,,347910213.0,,,,,
DB05754,IPH 1101,,investigational,,,,,,,,347910214.0,,,,,
DB05755,BF-37,,investigational,,,,,,,,347910215.0,,,,,
DB05756,PAC-113,,investigational,,,,,,,,347910216.0,,,,,
DB05757,DNB-001,,investigational,,,,,,,,347910217.0,,,,,
DB05765,ATX-201,,investigational,,,,,,,,347910219.0,,,,,
DB05768,Alkaline Phosphatase,,investigational,,,,,,,,347910221.0,,,,,
DB05769,LCP-AtorFen,,investigational,,,,,,,,347910222.0,,,,,
DB05775,CRx-401,,investigational,,,,,,,,347910225.0,,,,,
DB05778,Col-118,,investigational,,,,,,,,347910228.0,,,,,
DB05780,ATX-101,,investigational,,,,,,,,347910229.0,,,,,
DB05789,MX6,,investigational,,,,,,,,347910232.0,,,,,
DB05799,NOX-100,,investigational,,,,,,,,347910238.0,,,,,
DB05801,GTI 2040,,investigational,,,,,,,,347910239.0,,,,,
DB05803,ISIS 14803,,investigational,,,,,,,,347910240.0,,,,,
DB05810,99mTc-glucarate,,investigational,,,,,,,,347910244.0,,,,,
DB05820,DP-b99,,investigational,,,,,,,,347910249.0,,,,,
DB05821,DP-VPA,,investigational,,,,,,,,347910250.0,,,,,
DB05825,NCX 1015,,investigational,,,,,,,,347910251.0,,,,,
DB05828,LU-31130,,investigational,,,,,,,,347910254.0,,,,,
DB05831,ING-1,,investigational,,,,,,,,347910256.0,,,,,
DB05834,OC-1012,,investigational,,,,,,,,347910258.0,,,,,
DB05839,BG-777,,investigational,,,,,,,,347910260.0,,,,,
DB05840,AGI-1096,,investigational,,,,,,,,347910261.0,,,,,
DB05841,AI-128,,investigational,,,,,,,,347910262.0,,,,,
DB05842,AI-850,,investigational,,,,,,,,347910263.0,,,,,
DB05843,trans NV-04,,investigational,,,,,,,,347910264.0,,,,,
DB05845,NV-07a,,investigational,,,,,,,,347910265.0,,,,,
DB05846,Mito-4509,,investigational,,,,,,,,347910266.0,,,,,
DB05849,NCX 950,,investigational,,,,,,,,347910268.0,,,,,
DB05851,Biomed 101,,investigational,,,,,,,,347910269.0,,,,,
DB05854,CLX-0921,,investigational,,,,,,,,347910271.0,,,,,
DB05856,CPD 923,,investigational,,,,,,,,347910272.0,,,,,
DB05859,PI-166,,investigational,,,,,,,,347910275.0,,,,,
DB05865,VIT-100,,investigational,,,,,,,,347910278.0,,,,,
DB05866,ETC-1001,,investigational,,,,,,,,347910279.0,,,,,
DB05873,AVI-4020,,investigational,,,,,,,,347910283.0,,,,,
DB05880,MBT-0312,,investigational,,,,,,,,347910289.0,,,,,
DB05881,EHT 0202,,investigational,,,,,,,,347910290.0,,,,,
DB05882,CHF 4227,,investigational,,,,,,,,347910291.0,,,,,
DB05886,NV-18,,investigational,,,,,,,,347910293.0,,,,,
DB05887,TAFA-93,,investigational,,,,,,,,347910294.0,,,,,
DB05888,MEM 1414,,investigational,,,,,,,,347910295.0,,,,,
DB05890,Veglin,1220118-27-3,investigational,,,,,,,,347910297.0,,,,,
DB05894,GT 389-255,,investigational,,,,,,,,347910299.0,,,,,
DB05896,Sirna-027,,investigational,,,,,,,,347910301.0,,,,,
DB05898,CERE-110,,investigational,,,,,,,,347910303.0,,,,,
DB05899,EP0057,,investigational,,,,,,,,347910304.0,,,,,
DB05904,BLX-883,,investigational,,,,,,,,347910305.0,,,,,
DB05911,RUS 3108,,investigational,,,,,,,,347910308.0,,,,,
DB05912,REN-850,,investigational,,,,,,,,347910309.0,,,,,
DB05918,LS11,,investigational,,,,,,,,347910313.0,,,,,
DB05919,DDP-200,,investigational,,,,,,,,347910314.0,,,,,
DB05920,RTA 744,,investigational,,,,,,,,347910315.0,,,,,
DB05924,NLX-P101,,investigational,,,,,,,,347910316.0,,,,,
DB05929,GPI-0100,,investigational,,,,,,,,347910317.0,,,,,
DB05930,SB-559448,,investigational,,,,,,,,347910318.0,,,,,
DB05931,Pegdinetanib,906450-24-6,investigational,,,,,,,,,,,,,
DB05934,CTCE-0214,577782-52-6,investigational,,,,,,,,,,,,,
DB05947,PRTX-100,,investigational,,,,,,,,,,,,,
DB05950,Contulakin-G,229180-41-0,investigational,,,,,,,,,,,,,
DB05953,EGEN-001,,investigational,,,,,,,,,,,,,
DB05967,ANZ-100,,investigational,,,,,,,,,,,,,
DB05971,Archexin,,investigational,,,,,,,,,,,,,
DB06005,Adomiparin,9005-49-6,investigational,,,,,,,,,,,,,
DB06039,PA-1050040,,investigational,,,,,,,,347910320.0,,,,,
DB06042,ZEN-012,,investigational,,,,,,,,347910321.0,,,,,
DB06058,XTL-6865,,investigational,,,,,,,,347910323.0,,,,,
DB06063,CAM-2029,,investigational,,,,,,,,347910324.0,,,,,
DB06064,KAI-1455,,investigational,,,,,,,,347910325.0,,,,,
DB06069,XMT-1001,,investigational,,,,,,,,347910326.0,,,,,
DB06071,DTS-201,,investigational,,,,,,,,347910327.0,,,,,
DB06073,CTS-21166,,investigational,,,,,,,,347910328.0,,,,,
DB06089,ICA-105665,,investigational,,,,,,,,347910330.0,,,,,
DB06093,ABT-560,,investigational,,,,,,,,347910331.0,,,,,
DB06096,NXN-188,,investigational,,,,,,,,347910332.0,,,,,
DB06097,GSK-923295,,investigational,,,,,,,,347910333.0,,,,,
DB06098,PRLX 93936,,investigational,,,,,,,,347910334.0,,,,,
DB06103,VX-148,,investigational,,,,,,,,347910336.0,,,,,
DB06109,YKP-1358,,investigational,,,,,,,,,,,,,
DB06111,AB192,,experimental,,,,,,,,,,,,,
DB06138,IRL-1620,142569-99-1,investigational,,,,,,,,,,,,,
DB06181,IMO-2055,847484-35-9,investigational,,,,,,,,,,,,,
DB06184,AEG35156,,investigational,,,,,,,,,,,,,
DB06219,Dalbavancin,171500-79-1,approved; investigational,,,,,,D03640,23724878.0,310264863.0,82721.0,CHEMBL3301669,,30791917.0,
DB06224,Alicaforsen,185229-68-9,investigational,,,,,,,,,,,,,
DB06225,HMR4011,,investigational,,,,,,,,,,,,,
DB06270,MAHDL01,,investigational,,,,,,,,,,,,,
DB06294,Semuloparin,,investigational,,,,,,,,,,,,,
DB06325,Pegpleranib,1618657-13-8,investigational,,,,,,,,,,,,,
DB06336,Elsiglutide,914009-84-0,investigational,,,,,,,,,,,,,
DB06376,CHGN111,,investigational,,,,,,,,,,,,,
DB06415,Calfactant,183325-78-2,approved,,,,,,D03317,,347910351.0,,CHEMBL1201447,,,
DB06432,TAK-751S,,investigational,,,,,,,,,,,,,
DB06434,Repifermin,219527-63-6,investigational,,,,,,,,,,,,,
DB06437,Tifacogin,148883-56-1,investigational,,,,,,,,,,,,,
DB06439,Tyloxapol,25301-02-4,approved; investigational,,,,,,D03261,,175427071.0,,CHEMBL1201548,,26330335.0,
DB06449,Ilodecakin,149824-15-7,investigational,,,,,,,,,,,,,
DB06453,Mirostipen,244130-01-6,investigational,,,,,,,,,,,,,
DB06482,ALGRX 1207,,investigational,,,,,,,,,,,,,
DB06489,Liatermin,188630-14-0,investigational,,,,,,,,,,,,,
DB06493,Velafermin,697766-75-9,investigational,,,,,,,,,,,,,
DB06496,Dextrin 2-sulfate,142985-55-5,investigational,,,,,,,,,,,,,
DB06559,Lanimostim,117276-75-2,investigational,,,,,,,,,,CHEMBL2108614,,,
DB06562,Emfilermin,159075-60-2,investigational,,,,,,,,,,,,,
DB06568,alpha-Hydroxy glycineamide,,investigational,,,,,,,,,,,,,
DB06592,Pegargiminase,1394129-74-8,investigational,,,,,,,,,,,,,
DB06754,Danaparoid,308068-55-5,approved; withdrawn,,,,,,,,347910366.0,,,,,
DB06776,Sodium cellulose phosphate,9038-41-9,approved,,,,,,,,,,CHEMBL1201457,,,
DB06779,Dalteparin,9005-49-6,approved,,,,,,D03353,,347910371.0,,,,,
DB06812,Povidone-iodine,25655-41-8,approved,,,,,C08043,D00863,,347910372.0,8347.0,CHEMBL1201724,,,
DB06822,Tinzaparin,9041-08-1,approved,,,,,,D06398,,347910373.0,,,,,
DB08813,Nadroparin,,approved; investigational,,,,,,,,347910374.0,,,,,
DB08857,Bamet-UD2,,experimental,,,,,,,,,,,,,
DB08862,Cholecystokinin,9011-97-6,approved; investigational,,,,,,,,347910375.0,,,,,
DB08917,Ferric carboxymaltose,9007-72-1,approved,,,,,,D08920,,347910386.0,,CHEMBL2108597,,,
DB08937,TAS-102,733030-01-8,investigational,,,,,,,,347910389.0,,,,,
DB09016,Butriptyline,35941-65-2,approved; withdrawn,,,,,,D07601,21772.0,347910390.0,,CHEMBL2110816,,,
DB09106,Hydroxyethyl Starch,9005-27-0,approved,,,,,,D03335,,347910407.0,,CHEMBL2108448,,,
DB09111,Pentastarch,9005-27-0,approved; investigational,,,,,,,,347910411.0,,,,,
DB09163,Technetium Tc-99m exametazime,99944-78-2,approved,,,,,,D02284,,347910416.0,,CHEMBL2111018,,,
DB09255,Dextran,9004-54-0,approved; investigational; vet_approved,,,,,C00372,D00060,,347910421.0,,,,,
DB09258,Bemiparin,91449-79-5,approved; investigational,,,,,,,,347910422.0,,,,,
DB09259,Reviparin,9041-08-1,approved; investigational,,,,,,D03337,,347910423.0,,,,,
DB09260,Parnaparin,9005-49-6,approved; investigational,,,,,,,,347910424.0,,,,,
DB09261,Certoparin,,approved; investigational,,,,,,,,347910425.0,,,,,
DB09263,Patiromer,1260643-52-4,approved; investigational,,,,,,D10148,,347910426.0,,CHEMBL2107875,,,
DB09266,Technetium Tc-99m tilmanocept,1262984-82-6,approved; investigational,,,,,,,,347910428.0,,,,,
DB09287,Polyethylene glycol,25322-68-3,approved; vet_approved,,,,,,D03370,,347910429.0,,CHEMBL1201478,,,
DB09301,Chondroitin sulfate,24967-93-9,approved; investigational; nutraceutical,,,,,C00607,D00080,,347910430.0,,,,,
DB09311,Polycarbophil,9003-97-8,experimental,,,,,,D03306,,347910435.0,,,,,
DB09317,"Synthetic Conjugated Estrogens, A",,approved,,,,,,,,347910437.0,,CHEMBL1201649,,,
DB09318,"Synthetic Conjugated Estrogens, B",746658-13-9,approved,,,,,,D05987,,347910438.0,,CHEMBL1201467,,,
DB09336,Technetium Tc-99m nofetumomab merpentan,165942-79-0,approved; withdrawn,,,,,,,,347910442.0,,,,,
DB09337,Medical air,132259-10-0,approved; vet_approved,,,,,,,,347910443.0,,,,,
DB09341,"Dextrose, unspecified form",,approved; vet_approved,,,,,,,,310265216.0,,,,,
DB09344,Invert sugar,8013-17-0,experimental,,,,,,,,347910445.0,,,,,
DB09363,Rauwolfia serpentina root,8063-17-0,investigational,,,,,,,,347910447.0,,,,,
DB09369,Polyestradiol phosphate,28014-46-2,approved,,,,,,D07434,,,,CHEMBL1201477,,,
DB09373,Trolamine polypeptide oleate condensate,,approved; vet_approved,,,,,,,,,,,,,
DB09375,Chymotrypsin,9004-07-3,approved; vet_approved,,,,,,D03484,,347910449.0,,CHEMBL1201465,,,
DB09381,Esterified estrogens,,approved,,,,,,,,347910451.0,,,,,
DB09393,Amino acids,65072-01-7,investigational,,,,,,,,,,,,,
DB09423,Technetium Tc-99m polyphosphate,,approved,,,,,,,,,,,,,
DB09507,Ferumoxsil,171544-35-7,approved; experimental,,,,,,,,,,,,,
DB09508,Ferumoxides,,approved,,,,,,,,,,,,,
DB09537,Iodine povacrylex,845736-10-9,approved,,,,,,,,347910459.0,,,,,
DB09539,Omega-3-acid ethyl esters,308081-97-2,approved; investigational,,,,,,,,347910460.0,,,,,
DB09568,Omega-3-carboxylic acids,,approved; investigational,,,,,,,,347910465.0,,,,,
DB11057,Mineral oil,8042-47-5,approved; vet_approved,,,,,,,,347911096.0,,,,,
DB11058,Petrolatum,8009-03-8,approved; investigational,,,,,,D05304,,347911097.0,,,,,
DB11059,Carboxymethylcellulose,9000-11-7,approved; investigational,,,,,,,,347911098.0,,CHEMBL1909054,,,
DB11060,Polyvinyl alcohol,9002-89-5,approved,,,,,,,,347911099.0,,,,,
DB11061,Povidone,9003-39-8,approved; withdrawn,,,,,C19509,D02295,,347911100.0,,,,,
DB11063,Polysorbate 80,9005-65-6,approved,,,,,,,,347911102.0,,,,,
DB11067,Heme iron polypeptide,,investigational,,,,,,,,,,,,,
DB11074,Dimethicone,63148-62-9,approved,,,,,,,,347911104.0,,,,,
DB11075,Hypromellose,9004-65-3,approved,,,,,,,,347911105.0,,,,,
DB11077,Polyethylene glycol 400,25322-68-3,approved,,,,,,,,347911107.0,,,,,
DB11082,Coal tar,8007-45-2,approved,,,,,,,,347911108.0,,,,,
DB11094,Vitamin D,1406-16-2,approved; nutraceutical; vet_approved,,,,,,,,347911113.0,,,,,
DB11105,Benzalkonium,,approved; investigational,,,,,,,,347911117.0,,,,,
DB11108,Aluminum sesquichlorohydrate,,approved,,,,,,,,347911118.0,,,,,
DB11112,Lanolin,8006-54-0,approved,,,,,,,,347911120.0,,,,,
DB11116,Aluminum zirconium trichlorohydrex gly,134375-99-8,approved; experimental,,,,,,,,347911123.0,,,,,
DB11118,Ammonia,7664-41-7,approved,,,,,,,,347911125.0,,,,,
DB11120,Turpentine,9005-90-7,approved; experimental,,,,,,,,347911126.0,,,,,
DB11124,Racepinephrine,329-65-7,approved,,,,,,,,347911128.0,,,,,
DB11130,Opium,8008-60-4,approved; illicit,,,,,,,,347911129.0,,,,,
DB11133,Omega-3 fatty acids,329042-31-1,approved; nutraceutical,,,,,,,,347911131.0,,,,,
DB11143,Cresol,1319-77-3,approved,,,,,,,,347911133.0,,,,,
DB11147,Aluminum zirconium pentachlorohydrate,173762-83-9,approved,,,,,,,,347911134.0,,,,,
DB11149,Aluminum zirconium tetrachlorohydrex gly,90604-80-1,approved,,,,,,,,347911135.0,,,,,
DB11152,Trichloroacetate,76-03-9,approved,,,,,,,,347911136.0,,,,,
DB11161,Polyethylene glycol 300,25322-68-3,approved,,,,,,,,347911138.0,,,,,
DB11169,Ferrous asparto glycinate,,approved,,,,,,,,347911142.0,,,,,
DB11178,Polysorbate 20,9005-64-5,approved,,,,,,,,347911144.0,,,,,
DB11187,1-(c14-c18 esteroyl)-2-docosahexanoyl-sn-glycero-3-phosphocholine,,experimental,,,,,,,,,,,,,
DB11188,1-(c14-c18 esteroyl)-2-docosahexanoyl-sn-glycero-3-phosphoethanolamine,,experimental,,,,,,,,,,,,,
DB11202,N-alkyl ethylbenzyl dimethyl ammonium (C12-C14),,approved,,,,,,,,347911154.0,,,,,
DB11208,Aluminum chlorohydrex propylene glycol,53026-85-0,approved,,,,,,,,347911155.0,,,,,
DB11209,Iron protein succinylate,250705-13-6,approved; investigational,,,,,,,,,,,,,
DB11223,Tolu balsam,9000-64-0,experimental,,,,,,,,,,,,,
DB11225,Peg-100 stearate,9004-99-3,approved,,,,,,,,,,,,,
DB11228,Methylcellulose,9004-67-5,approved,,,,,,D04996,,347911158.0,53448.0,,,23107149.0,
DB11229,Padimate A,,experimental; withdrawn,,,,,,,,,,,,,
DB11230,Magnesium Aluminum Silicate,1327-43-1,approved,,,,,,,,,,,,,
DB11232,Saccharide isomerate,100843-69-4,approved,,,,,,,,,,,,,
DB11234,Poliglusam,9012-76-4,experimental,,,,,,,,347911159.0,,,,,
DB11236,Polyethylene glycol 3500,25322-68-3,experimental,,,,,,,,,,,,,
DB11237,Trypsin,9002-07-7,approved; vet_approved,,,,,,,,347911160.0,,,,,
DB11242,Gelatin,9000-70-8,approved; vet_approved; withdrawn,,,,,,,,347911163.0,,,,,
DB11243,Ethyl macadamiate,,approved,,,,,,,,347911164.0,,,,,
DB11251,Tocopherol,1406-66-2,approved; investigational,,,,,,,,347911165.0,,,,,
DB11252,Poloxamer 407,691397-13-4,investigational,,,,,,,,347911166.0,,,,,
DB11253,Xanthan gum,11138-66-2,approved,,,,,,,,347911167.0,,,,,
DB11261,Atractylodes japonica root,,approved,,,,,,,,347911169.0,,,,,
DB11266,Sea salt,,approved,,,,,,,,347911171.0,,,,,
DB11271,Polysilicone-15,207574-74-1,approved,,,,,,,,,,,,,
DB11277,Aluminum zirconium pentachlorohydrex gly,,approved,,,,,,,,347911174.0,,,,,
DB11289,Methicone (20 CST),26403-67-8,experimental,,,,,,,,,,,,,
DB11295,Trichophyton verrucosum,,approved,,,,,,,,347911179.0,,,,,
DB11298,Thioredoxin,52500-60-4,approved,,,,,,,,347911180.0,,,,,
DB11304,Phenoxyethanol,122-99-6,approved,QCDWFXQBSFUVSP-UHFFFAOYSA-N,"InChI=1S/C8H10O2/c9-6-7-10-8-4-2-1-3-5-8/h1-5,9H,6-7H2",,C8H10O2,,,31236.0,347827964.0,64275.0,CHEMBL1229846,268,13848467.0,
DB11305,Quaternium-18,61789-80-8,experimental,,,,,,,,,,,,,
DB11306,Bentonite,,approved,,,,,,,,,,,,,
DB11313,Phenyl trimethicone,195868-36-1,experimental,,,,,,,,,,,,,
DB11321,Cod liver oil,8001-69-2,nutraceutical; vet_approved,,,,,,,,347911186.0,,,,,
DB11329,C11-12 isoparaffin,246538-76-1,approved,,,,,,,,347911187.0,,,,,
DB11333,Poloxamer 188,691397-13-4,approved; investigational,,,,,,,,347911189.0,,CHEMBL2108134,,,
DB11341,Ichthammol,8029-68-3,approved,,,,,,,,347911191.0,,,,,
DB11350,Cocamidopropyl betaine,61789-40-0,experimental,,,,,,,,347911193.0,,,,,
DB11352,Ascorbyl phosphate,,approved,,,,,,,,347911194.0,,,,,
DB11355,Propolis wax,,approved,,,,,,,,347911195.0,,,,,
DB11356,Polyquaternium-10 (400 cps at 2%),81859-24-7,approved,,,,,,,,347911196.0,,,,,
DB11361,Betula pendula tar oil,8001-88-5,nutraceutical,,,,,,,,,,,,,
DB11482,Balsam of Peru,8007-00-9,nutraceutical; vet_approved,,,,,,,,347911201.0,,,,,
DB11538,Polysulfated glycosaminoglycan,,vet_approved,,,,,,,,,,,,,
DB11578,Hard fat,,approved,,,,,,,,,,,,,
DB11579,Light mineral oil,92062-35-6,approved,,,,,,,,347911206.0,,,,,
DB11588,Carbon monoxide,630-08-0,approved; investigational,UGFAIRIUMAVXCW-UHFFFAOYSA-N,InChI=1S/CO/c1-2,,CO,C00237,D09706,281.0,347827995.0,17245.0,CHEMBL1231840,CMO,275.0,
DB11599,"Starch, corn",9005-25-8,approved; nutraceutical,,,,,,,,347911210.0,,,,,
DB11605,Myrrh,9000-45-7,approved,,,,,,,,347911215.0,,,,,
DB11634,Colestilan chloride,95522-45-5,approved; investigational; withdrawn,,,,(C7H11N2O)n.Cl,,,,,,,,,
DB11635,Tocofersolan,9002-96-4,approved,,,,C33H54O5(C2H4O)n,,,,347911221.0,,,,,
DB11707,Olaptesed Pegol,1390628-22-4,investigational,,,,,,,,347828072.0,,,,58172695.0,
DB11980,Carbon black,1333-86-4,investigational,,,,,,,,347828302.0,,,,,
DB12031,Ammonio methacrylate copolymer type A,33434-24-1,investigational,,,,,,,,347911272.0,,,,,
DB12208,Iron isomaltoside 1000,1370654-58-2,approved; investigational,,,,,,,,347911299.0,,,,,
DB12277,Polihexanide,28757-47-3,approved; investigational,,,,,,,,347911310.0,,,,,
DB12578,Lexaptepid pegol,1390631-57-8,investigational,,,,,,,,347828800.0,,,,,
DB12583,Maltodextrin,9050-36-6,investigational,,,,,,,,347911346.0,,,,,
DB12842,Pegamotecan,581079-18-7,investigational,,,,,,,,347911393.0,,,,,
DB12915,Corticorelin acetate,1312542-61-2,investigational,,,,,,,,347911407.0,,,,,
DB13128,Sizofiran,9050-67-3,investigational,,,,,,,,347911426.0,,,,,
DB13161,Nusinersen,1258984-36-9,approved; investigational,,,,,,,,347911437.0,,,,,
DB13168,Omega-6 fatty acids,,nutraceutical,,,,,,,,347911438.0,,,,,
DB13172,Tunicamycin,11089-65-9,experimental,,,,,,,,347911439.0,,,,,
DB13271,Wood creosote,8021-39-4,experimental; investigational,,,,,,,,,,,,,
DB13293,Ipecac,8012-96-2,approved; withdrawn,,,,,,,,347911447.0,,CHEMBL2108372,,,
DB13295,Atracurium,64228-79-1,approved; experimental; investigational,,,,,,,,,,,,,
DB13299,Sulglicotide,54182-59-1,experimental,,,,,,,,,,,,,
DB13302,Hachimycin,1394-02-1,experimental,,,,,,,,,,,,,
DB13365,Calcium lactate gluconate,11116-97-5,experimental,,,,,,,,,,,,,
DB13372,Calcium alginate,9005-35-0,approved; experimental,,,,,,,,,,,,,
DB13385,Dihydroergocryptine,,experimental,,,,,,,,,,,,,
DB13446,Guar gum,9000-30-0,experimental,,,,,,,,,,,,,
DB13447,Prethcamide,8015-51-8,experimental,,,,,,,,,,,,,
DB13477,Sodium apolate,25053-27-4,experimental,,,,,,,,,,,,,
DB13480,Lentinan,37339-90-5,experimental; investigational,,,,,,,,,,,,,
DB13492,Policresulen,101418-00-2,experimental; investigational,,,,,,,,,,,,,
DB13503,Tyrothricin,1404-88-2,approved,,,,,,,,,,CHEMBL577736,,398608.0,
DB13518,Alginic acid,9005-32-7,approved; investigational,,,,,C01768,D02324,131704328.0,347829302.0,17548.0,,,,
DB13525,Althea root,,experimental,,,,,,,,,,,,,
DB13560,Dextranomer,56087-11-7,experimental,,,,,,,,,,,,,
DB13570,Oxidized cellulose,9032-53-5,experimental,,,,,,,,,,,,,
DB13633,Mepartricin,11121-32-7,experimental,,,,,,,,,,,,,
DB13647,Semustine,13909-09-6,experimental; investigational,,,,,,,,,,,,,
DB13658,Hemoglobin raffimer,197462-97-8,experimental; investigational,,,,,,,,,,,,,
DB13688,Drisapersen,1251830-50-8,experimental; investigational; withdrawn,,,,,,,,,,,,,
DB13700,Protamine,9012-00-4,experimental; investigational,,,,,,,,,,,,,
DB13704,Pristinamycin,270076-60-3,experimental; investigational,,,,,,,,,,,,,
DB13734,Biphenylol,1322-20-9,experimental,,,,,,,,,,,,,
DB13735,Potassium guaiacolsulfonate,1321-14-8,experimental,,,,,,,,347911449.0,,,,,
DB13809,Paclitaxel poliglumex,263351-82-2,experimental; investigational,,,,,,,,,,,,,
DB13811,Oblimersen,190977-41-4,experimental; investigational,,,,,,,,,,,,,
DB13885,Ferric subsulfate,1310-45-8,approved; experimental,,,,,,,,347911454.0,,,,,
DB13959,Medium-chain triglycerides,438544-49-1,approved,,,,,,,,,,,,,
DB14003,alpha-Tocopherol acetate,7695-91-2,approved,,,,,,,,,,,,,
DB14005,Dimethicone 410,9006-65-9,approved,,,,,,,,,,,,,
DB14046,Dichlorobenzene,25321-22-6,approved; experimental,,,,,,,,,,,,,
DB14087,Morrhuic acid,,experimental,,,,,,,,,,,,,
DB14091,Carbomer homopolymer type C,57916-92-4,experimental; investigational,,,,,,,,,,,,,
DB14101,Soy isoflavones,,approved; experimental,,,,,,,,,,,,,
DB14117,Silica dimethyl silylate,68611-44-9,experimental,,,,,,,,,,,,,
DB14124,Cyclomethicone,69430-24-6,experimental,,,,,,,,,,,,,
DB14139,Hydroxyethyl ethylcellulose,9004-58-4,approved; experimental,,,,,,,,,,,,,
DB14140,Dipropylene glycol,25265-71-8,experimental,,,,,,,,,,,,,
DB14142,Methoxy PEG-12 retinamide,,experimental,,,,,,,,,,,,,
DB14153,Polysorbate 60,9005-67-8,experimental,,,,,,D05567,,,,,,,
DB14155,Chitosan low molecular weight (20-200 mpa.s),9012-76-4,experimental,,,,,,,,,,,,,
DB14157,Hydrogenated soybean lecithin,97281-48-6,experimental,,,,,,,,,,,,,
DB14158,Microcrystalline cellulose,9004-34-6,approved; experimental; investigational,,,,,,,,,,,,,
DB14161,"Lecithin, soybean",8030-76-0,experimental,,,,,,,,,,,,,
DB14181,Lanolin alcohols,8027-33-6,approved; experimental,,,,,,,,,,,,,
DB14190,p-tert-Butylphenol-formaldehyde resin (low molecular weight),,approved; experimental,,,,,,,,,,,,,
DB14192,"N,N'-diphenyl-1,4-phenylenediamine",74-31-7,approved; experimental,,,,,,,,,,,,,
DB14231,Quinoline Yellow WS,8004-92-0,experimental,,,,,,,,,,,,23070.0,
DB14478,Povidone K30,9003-39-8,approved; experimental,,,,,,,,,,,,,
DB14503,"Sodium phosphate, monobasic, unspecified form",,approved,,,,,,,,,,,,,
DB14504,"Sodium phosphate, dibasic, unspecified form",10140-65-5,approved; experimental,,,,,,,,,,,,,
DB14548,"Zinc sulfate, unspecified form",,approved; experimental,,,,,,,,,,,,,
DB14567,Brown iron oxide,52357-70-7,approved; experimental,,,,,,,,,,,,,
DB14586,Citrus bioflavonoids,12002-36-7,approved; experimental,,,,,,,,,,,,,
DB14684,Calcium polycarbophil,126040-58-2,approved,,,,,,,,,,,,,
DB14721,MK-1454,,investigational,,,,,,,,,,,,,
DB14771,Polyacrylamide (crosslinked; 2 mole percent bisacrylamide),9003-05-8,investigational,,,,,,,,,,,,,
DB14807,Demplatin pegraglumer,1009838-50-9,investigational,,,,,,,,,,,,,
DB14832,Polydioxanone,31621-87-1,investigational,,,,,,,,,,,,,
DB14836,Polydextrose,68424-04-4,investigational,,,,,,,,,,,,,
DB14927,Amylopectin,9037-22-3,investigational,,,,,,,,,,,,,
DB14951,Etirinotecan pegol,848779-32-8,investigational,,,,,,,,,,,,,
DB14953,Firtecan pegol,946062-05-1,investigational,,,,,,,,,,,,,
DB14963,Konjac mannan,37220-17-0,investigational,,,,,,,,,,,,,
DB15007,Sevuparin,,investigational,,,,,,,,,,,,,
DB15020,Mureletecan,246527-99-1,investigational,,,,,,,,,,,,,
DB15037,Poly(lactic acid),26811-96-1,investigational,,,,,,,,,,,,,
DB15125,Belapectin,1980787-47-0,investigational,,,,,,,,,,,,,
DB15200,Bixalomer,851373-13-2,investigational,,,,,,,,,,,,,
DB15216,Amylose,9005-82-7,investigational,,,,,,,,,,,,,
DB15304,iota-Carrageenan,9062-07-1,investigational,,,,,,,,,,,,,
DB15311,Davanat,916851-14-4,investigational,,,,,,,,,,,,,
DB15373,Tilmanocept,1185986-76-8,approved; investigational,,,,,,,,,,,,,
DB15404,"Heparin, bovine",9005-49-6,investigational,,,,,,,,,,,,,
DB15567,PCLX-001,1215011-08-7,investigational,,,,,,,,,,,,,
DB15570,FLX475,,investigational,,,,,,,,,,,,,
DB15599,MIV-711,,investigational,,,,,,,,,,,,,
DB15616,REC-994,,investigational,,,,,,,,,,,,,
DB15649,Carbomer,9007-20-9,experimental,,,,,,,,,,,,,
DB15677,Polyaminopropyl biguanide,133029-32-0,experimental,,,,,,,,,,,,,
DB15689,Azoximer bromide,892497-01-7,investigational,,,,,,,,,,,,,
DB15772,CA-170,,investigational,,,,,,,,,,,,,
DB15826,Oxerutins,,experimental,,,,,,,,,,,,,
DB15834,Lecithin,8002-43-5,experimental,,,,,,,,,,,,,
DB15910,Sodium aluminosilicate,1344-00-9,experimental,,,,,,,,,,,,,
DB15972,Desoxycortone,64-85-7,experimental,,,,,,,,,,,,,
DB16248,Nanoparticle Epirubicin,,investigational,,,,,,,,,,,,,
DB16251,Necuparanib,1415139-34-2,investigational,,,,,,,,,,,,,
DB16280,Pegcantratinib,1233363-33-1,investigational,,,,,,,,,,,,,
DB16298,Polifeprosan 20,90409-78-2,investigational,,,,,,,,,,,,,
DB16365,Treamid,,investigational,,,,,,,,,,,,,
DB16451,AT-527,2241337-84-6,investigational,,,,,,,,,,,,,
DB16452,MAS825,,investigational,,,,,,,,,,,,,
DB16457,Sarconeos,,investigational,,,,,,,,,,,,,
DB16476,Carrimycin,,investigational,,,,,,,,,,,,,
DB16481,Dociparstat sodium,177021-00-0,investigational,,,,,,,,,,,,,
DB16496,Acetylcysteine zidrimer,2736440-65-4,investigational,,,,,,,,,,,,,
DB16498,Vasomera,,investigational,,,,,,,,,,,,,
DB16515,PLN-74809,,investigational,,,,,,,,,,,,,
DB16521,Prolectin-M,,investigational,,,,,,,,,,,,,
DB16522,Sodium copper chlorophyllin,,investigational,,,,,,,,,,,,,
DB16525,Collagen-polyvinylpyrrolidone,,investigational,,,,,,,,,,,,,
DB16536,Birch bark extract,84012-15-7,approved; experimental,,,,,,,,,,,,,
DB16540,Lactobacillus delbrueckii bulgaricus,,approved; experimental,,,,,,,,,,,,,
DB16553,Poloxamer 237,,experimental,,,,,,,,,,,,,
DB16564,Mucopolysaccharide polysulphate,,experimental,,,,,,,,,,,,,
DB16568,Succinylated gelatin,68915-24-2,experimental,,,,,,,,,,,,,
DB16572,Cadexomer iodine,94820-09-4,experimental,,,,,,,,,,,,,
DB16602,Dihydroergotoxine,11032-41-0,experimental,,,,,,,,,,,,,
DB16617,2-(p-Tolyl)ethyl nicotinate,14008-88-9,experimental,,,,,,,,,,,,,
DB16630,OPB-111077,,investigational,,,,,,,,,,,,,
DB16742,RP-67580,135911-02-3,experimental,,,,,,,,,,,,,
DB16743,Nolpitantium chloride,153050-21-6,experimental,,,,,,,,,,,,,
DB16744,CP-96345,132746-60-2,experimental,,,,,,,,,,,,,
DB16750,THE-630,,investigational,,,,,,,,,,,,,
DB16751,RLY-2608,,investigational,,,,,,,,,,,,,
DB16752,Cipatinib,,investigational,,,,,,,,,,,,,
DB16899,Hydromethylthionine mesylate,1236208-20-0,investigational,,,,,,,,,,,,,
DB16905,NBI-98782,85081-18-1,approved; investigational,,,,,,,,,,,,,
DB16940,NODAGA-THERANOST Ga-68,,investigational,,,,,,,,,,,,,
DB16958,IPL-344,877120-59-7,investigational,,,,,,,,,,,,,
DB16964,HY-111996,1380696-64-9,experimental,,,,,,,,,,,,,
DB16988,ASN120290,,investigational,,,,,,,,,,,,,
DB16989,MK-8719,1382799-40-7,investigational,,,,,,,,,,,,,
DB17068,JZP-386 free base,,investigational,,,,,,,,,,,,,
DB17080,KW-6356,,experimental,,,,,,,,,,,,,
DB17081,RO6953958,,investigational,,,,,,,,,,,,,
DB17082,Tinlorafenib,2573781-75-4,investigational,,,,,,,,,,,,,
DB17085,KDT-3594,,investigational,,,,,,,,,,,,,
DB17087,JNJ-17216498,1035626-05-1,investigational,,,,,,,,,,,,,
DB17092,Norclobazam,22316-55-8,investigational,,,,,,,,,,,,,
DB17110,NRC-AN-019,879507-25-2,investigational,,,,,,,,,,,,,
DB17112,SM-337,1071992-61-4,investigational,,,,,,,,,,,,,
DB17119,BDBM249432,,investigational,,,,,,,,,,,,,
DB17124,Omburtamab I-131,,investigational,,,,,,,,,,,,,
DB17133,ADH-503,2055362-74-6,investigational,,,,,,,,,,,,,
DB17144,Lansoprazole sulfone,131926-99-3,investigational,,,,,,,,,,,,,
DB17165,KT-333,,investigational,,,,,,,,,,,,,
DB17167,Phenylacetylglutamine,28047-15-6,investigational,,,,,,,,,,,,,
DB17179,Olafertinib,,investigational,,,,,,,,,,,,,
DB17236,ONO-7579,1622212-25-2,investigational,,,,,,,,,,,,,
DB17238,SUN-101,,investigational,,,,,,,,,,,,,
DB17248,Adegramotide,1252802-98-4,investigational,,,,,,,,,,,,,
DB17249,Nelatimotide,1629213-88-2,experimental,,,,,,,,,,,,,
DB17253,Fimaporfin,1443547-43-0,investigational,,,,,,,,,,,,,
DB17259,Butylidenephthalide,551-08-6,investigational,,,,,,,,,,,,,
DB17289,L-arginine,74-79-3,approved; nutraceutical,,,,,,,,,,,,,
DB17307,IKT-001Pro,,investigational,,,,,,,,,,,,,
DB17319,Aroplatin,114488-24-3,investigational,,,,,,,,,,,,,
DB17327,Zalsenertant tetraxetan lutetium Lu-177,,investigational,,,,,,,,,,,,,
DB17335,Indium-111 Pentetreotide,139096-04-1,investigational,,,,,,,,,,,,,
DB17340,ENB-003,,investigational,,,,,,,,,,,,,
DB17341,NC-6300,,investigational,,,,,,,,,,,,,
DB17351,CVac,,approved; investigational,,,,,,,,,,,,,
DB17374,Tabituximab barzuxetan,1612758-88-9,investigational,,,,,,,,,,,,,
DB17382,AUM-601,,investigational,,,,,,,,,,,,,
DB17387,BR101801,,experimental,,,,,,,,,,,,,
DB17388,"4-{[(2R,3S,4R,5S)-4-(4-Chloro-2-Fluoro-Phenyl)-3-(3-Chloro-2-Fluoro-Phenyl)-4-Cyano-5-(2,2-Dimethyl-Propyl)-Pyrrolidine-2-Carbonyl]-Amino}-3-Methoxy-Benzoic Acid",1219089-31-2,experimental,,,,,,,,,,,,,
DB17394,fb-PMT,,investigational,,,,,,,,,,,,,
DB17395,3D-185 free base,,investigational,,,,,,,,,,,,,
DB17396,EQ101,,investigational,,,,,,,,,,,,,
DB17398,AVA-6000,1841402-73-0,investigational,,,,,,,,,,,,,
DB17399,JBI-802,,investigational,,,,,,,,,,,,,
DB17411,TNG908,,investigational,,,,,,,,,,,,,
DB17421,Trotabresib,1706738-98-8,investigational,,,,,,,,,,,,,
DB17428,YK-4-279,1037184-44-3,investigational,,,,,,,,,,,,,
DB17471,AL-034,,investigational,,,,,,,,,,,,,
DB17476,KF-0210,,investigational,,,,,,,,,,,,,
DB17478,JAB-21822,,investigational,,,,,,,,,,,,,
DB17481,GFH-925,,investigational,,,,,,,,,,,,,
DB17486,LY-3499446,2409131-50-4,investigational,,,,,,,,,,,,,
DB17487,GDC-1971,2377352-49-1,investigational,,,,,,,,,,,,,
DB17488,Divarasib,2417987-45-0,investigational,,,,,,,,,,,,,
DB17489,PF-07799933,,investigational,,,,,,,,,,,,,
DB17491,CGX-1321,,investigational,,,,,,,,,,,,,
DB17494,Iruplinalkib,1854943-32-0,investigational,,,,,,,,,,,,,
DB17511,SB 11285,,investigational,,,,,,,,,,,,,
DB17514,Inobrodib,2222941-37-7,investigational,,,,,,,,,,,,,
DB17524,KHK2455,,investigational,,,,,,,,,,,,,
DB17545,Jaktinib,,investigational,,,,,,,,,,,,,
DB17546,APR-548,,investigational,,,,,,,,,,,,,
DB17553,FT-1101,1776060-36-6,investigational,,,,,,,,,,,,,
DB17554,FF-10501-01,,investigational,,,,,,,,,,,,,
DB17556,S65487,1644600-79-2,investigational,,,,,,,,,,,,,
DB17559,S64315,1799631-75-6,investigational,,,,,,,,,,,,,
DB17567,INCB052793,,investigational,,,,,,,,,,,,,
DB17569,"2-O, 3-O desulfated heparin",,investigational,,,,,,,,,,,,,
DB17571,Uzansertib,2088852-47-3,investigational,,,,,,,,,,,,,
DB17574,JNJ-75276617,,investigational,,,,,,,,,,,,,
DB17575,Utidelone,,investigational,,,,,,,,,,,,,
DB17583,OKI-179,,investigational,,,,,,,,,,,,,
DB17587,KIN-3248,,investigational,,,,,,,,,,,,,
DB17591,Picibanil,39325-01-4,investigational,,,,,,,,,,,,,
DB17605,CY-1503,168678-84-0,investigational,,,,,,,,,,,,,
DB17609,NDI-5001,1365571-66-9,investigational,,,,,,,,,,,,,
DB17615,PXL-770 free acid anhydrous,,investigational,,,,,,,,,,,,,
DB17631,Exaluren,1375073-93-0,investigational,,,,,,,,,,,,,
DB17634,Progerinin,,investigational,,,,,,,,,,,,,
DB17654,AL-01211,,investigational,,,,,,,,,,,,,
DB17696,ASP-8731,2488255-42-9,investigational,,,,,,,,,,,,,
DB17697,VAD-044,,investigational,,,,,,,,,,,,,
DB17701,MZE001,,investigational,,,,,,,,,,,,,
DB17721,Astragalus mongholicus root polysaccharides,,investigational,,,,,,,,,,,,,
DB17735,Ajoene,92285-01-3,investigational,,,,,,,,,,,,,
DB17761,Poloxamer 331,,investigational,,,,,,,,,,,,,
DB17787,Polyhexamethyleneguanidine,31961-54-3,investigational,,,,,,,,,,,,,
DB17817,BHV-5000,,investigational,,,,,,,,,,,,,
DB17818,Dextran 1,,investigational,,,,,,,,,,,,,
DB17821,Tapencarium,,investigational,,,,,,,,,,,,,
DB17910,SNSP113,,investigational,,,,,,,,,,,,,
DB17920,NPT520-34,,investigational,,,,,,,,,,,,,
DB17927,ASN90,,investigational,,,,,,,,,,,,,
DB17956,FB-101,,experimental; investigational,,,,,,,,,,,,,
DB17967,INO-4913,,investigational,,,,,,,,,,,,,
DB17968,2-O-desulfated heparin,,investigational,,,,,,,,,,,,,
DB17970,MT1621,,investigational,,,,,,,,,,,,,
DB17976,HOV-12020,,investigational,,,,,,,,,,,,,
DB17981,Nano-diamino-tetrac,,investigational,,,,,,,,,,,,,
DB18006,LP-284,2412580-47-1,investigational,,,,,,,,,,,,,
DB18010,Emvododstat,1219951-09-3,investigational,,,,,,,,,,,,,
DB18014,BSG-005,,investigational,,,,,,,,,,,,,
DB18015,MRT-2359,2803881-11-8,investigational,,,,,,,,,,,,,
DB18021,BAP5191,,investigational,,,,,,,,,,,,,
DB18024,ICG-001,780757-88-2,investigational,,,,,,,,,,,,,
DB18026,HL001,1186371-31-2,investigational,,,,,,,,,,,,,
DB18027,DI-87,2107280-55-5,investigational,,,,,,,,,,,,,
DB18040,NP-10679,2914889-88-4,investigational,,,,,,,,,,,,,
DB18053,X-165,1815589-34-4,investigational,,,,,,,,,,,,,
DB18055,NIP-292,,investigational,,,,,,,,,,,,,
DB18056,BM-3103,,investigational,,,,,,,,,,,,,
DB18069,BCX9250,,investigational,,,,,,,,,,,,,
DB18074,JBI-778,,investigational,,,,,,,,,,,,,
DB18078,R3R01,,investigational,,,,,,,,,,,,,
DB18086,DTx-1252,,investigational,,,,,,,,,,,,,
DB18105,BG-P-TAT,,investigational,,,,,,,,,,,,,
DB18121,YA-101,151602-49-2,investigational,,,,,,,,,,,,,
DB18149,IK-930,,investigational,,,,,,,,,,,,,
DB18164,4-[211At]-L-phenylalanine,,investigational,,,,,,,,,,,,,
DB18168,SKL-27969,2634762-24-4,investigational,,,,,,,,,,,,,
DB18170,Cu-64 sartate,,investigational,,,,,,,,,,,,,
DB18171,KTX-1001,,investigational,,,,,,,,,,,,,
DB18172,BN104,,investigational,,,,,,,,,,,,,
DB18175,Ga-68 Trivehexin,,investigational,,,,,,,,,,,,,
DB18199,BBP-711,,investigational,,,,,,,,,,,,,
DB18216,Cavrotolimod,2378664-12-9,investigational,,,,,,,,,,,,,
DB18235,CKD-504,,investigational,,,,,,,,,,,,,
DB18236,(R)-9b,1655527-68-6,investigational,,,,,,,,,,,,,
DB18330,Yinfenidone,,investigational,,,,,,,,,,,,,
DB18331,LB54640,,investigational,,,,,,,,,,,,,
DB18332,Phelimin,,investigational,,,,,,,,,,,,,
DB18334,MPB-1523,,investigational,,,,,,,,,,,,,
DB18366,NXC680,,investigational,,,,,,,,,,,,,
DB18466,NMD-670,2354321-33-6,investigational,,,,,,,,,,,,,
DB18468,Gildeuretinol,118139-36-9,investigational,,,,,,,,,,,,,
DB18486,EI-1071,,investigational,,,,,,,,,,,,,
DB18487,KT-253,,investigational,,,,,,,,,,,,,
DB18495,KN-001,,investigational,,,,,,,,,,,,,
DB18496,BCX10013,,investigational,,,,,,,,,,,,,
DB18498,BBP-671,,investigational,,,,,,,,,,,,,
DB18502,AZ-3102,,investigational,,,,,,,,,,,,,
DB18505,CEB-01,,investigational,,,,,,,,,,,,,
DB18506,EA-2353,,investigational,,,,,,,,,,,,,
DB18551,GSBR-1290,,investigational,,,,,,,,,,,,,
DB18574,BEA-17,,investigational,,,,,,,,,,,,,
DB18584,CSIC002,,investigational,,,,,,,,,,,,,
DB18607,Sulfobutylether-beta-cyclodextrin,182410-00-0,investigational,,,,,,,,,,,,,
DB18611,PAS-004,,investigational,,,,,,,,,,,,,
DB18613,PRG-A01,,investigational,,,,,,,,,,,,,
DB18649,Prosetin,,investigational,,,,,,,,,,,,,
DB18668,BBT-877,,investigational,,,,,,,,,,,,,
DB18671,NDX-3315,,investigational,,,,,,,,,,,,,
DB18673,XEN-D0501,,investigational,,,,,,,,,,,,,
DB18678,DNL343,2278265-85-1,investigational,,,,,,,,,,,,,
DB18682,NVL-655,,investigational,,,,,,,,,,,,,
DB18683,APG-157,,investigational; nutraceutical,,,,,,,,,,,,,
DB18698,Cu-67 sartate,,investigational,,,,,,,,,,,,,
DB18703,HRS-1167,,investigational,,,,,,,,,,,,,
DB18712,Berdazimer,,approved,,,,,,,,,,,,,
DB18717,Graphite,7782-42-5,approved; investigational,,,,,,,,,,,,,
